HGNC ID,RefSeq IDs,Enzyme IDs
HGNC:18149,NM_017436,2.4.1.228
HGNC:21298,NM_023928,6.2.1.16
HGNC:17,NM_001086,3.1.1.3
HGNC:17929,NM_016228,"2.6.1.39, 2.6.1.7"
HGNC:19,NM_001088,2.3.1.87
HGNC:20,NM_001605,6.1.1.7
HGNC:21022,NM_020745,6.1.1.7
HGNC:23993,NM_181806,1.2.1.31
HGNC:14235,NM_015423,2.7.8.7
HGNC:23,NM_020686,2.6.1.19
HGNC:21398,NM_020676,3.1.1.23
HGNC:15868,NM_015600,3.1.1.23
HGNC:79,NM_020469,"2.4.1.40, 2.4.1.37"
HGNC:82,NM_001607,2.3.1.16
HGNC:83,NM_006111,2.3.1.16
HGNC:84,NM_198836,6.4.1.2
HGNC:85,NM_001093,6.4.1.2
HGNC:88,NM_001608,1.3.8.8
HGNC:90,NM_000017,1.3.8.1
HGNC:91,NM_001609,1.3.99.-
HGNC:93,NM_000019,2.3.1.9
HGNC:94,NM_005891,2.3.1.9
HGNC:2707,NM_000789,3.4.15.1
HGNC:18356,NM_133492,3.5.1.23
HGNC:23675,NM_001010887,3.5.1.23
HGNC:16066,NM_018367,3.5.1.23
HGNC:108,NM_015831,3.1.1.7
HGNC:115,NM_001096,2.3.3.8
HGNC:117,NM_002197,4.2.1.3
HGNC:118,NM_001098,4.2.1.3
HGNC:33904,NM_001258406,4.1.1.6
HGNC:15919,NM_183386,3.1.2.27
HGNC:18156,NM_015547,3.1.2.-
HGNC:120,NM_003500,1.17.99.3
HGNC:122,NM_004300,3.1.3.2
HGNC:123,NM_001610,3.1.3.2
HGNC:125,NM_001099,3.1.3.2
HGNC:126,NM_001097,3.4.21.10
HGNC:3569,NM_001995,6.2.1.3
HGNC:18049,NM_052956,6.2.1.2
HGNC:16091,NM_032501,6.2.1.1
HGNC:15814,NM_018677,6.2.1.1
HGNC:175,NM_000020,2.7.11.30
HGNC:177,NM_000666,3.5.1.14
HGNC:24104,NM_080658,3.5.1.114
HGNC:186,NM_000022,3.5.4.4
HGNC:225,NM_001111,3.5.4.-
HGNC:226,NM_015833,3.5.-.-
HGNC:227,NM_018702,3.5.-.-
HGNC:232,NM_021116,4.6.1.1
HGNC:233,NM_020546,4.6.1.1
HGNC:236,NM_183357,4.6.1.1
HGNC:237,NM_020983,4.6.1.1
HGNC:21285,NM_018417,4.6.1.1
HGNC:249,NM_000667,1.1.1.1
HGNC:250,NM_000668,1.1.1.1
HGNC:251,NM_000669,1.1.1.1
HGNC:252,NM_000670,1.1.1.1
HGNC:253,NM_000671,1.1.1.284
HGNC:255,NM_000672,1.1.1.1
HGNC:256,NM_000673,1.1.1.1
HGNC:16354,NM_144650,1.1.99.24
HGNC:30576,NM_018269,1.13.11.54
HGNC:257,NM_006721,2.7.1.20
HGNC:23506,NM_032804,1.13.11.19
HGNC:269,NM_001125,3.2.2.19
HGNC:30925,NM_020233,"3.6.1.13, 3.6.1.16, 3.6.1.53"
HGNC:291,NM_000026,4.3.2.2
HGNC:292,NM_001126,6.3.4.4
HGNC:20910,NM_001145526,3.5.1.9
HGNC:318,NM_000027,3.5.1.26
HGNC:21869,NM_018238,2.7.1.94
HGNC:321,NM_000028,"2.4.1.25, 3.2.1.33"
HGNC:18407,NM_024758,3.5.3.11
HGNC:33784,NM_001004320,1.14.16.5
HGNC:3263,NM_012154,3.1.26.n2
HGNC:18421,NM_024852,3.1.26.n2
HGNC:324,NM_006411,2.3.1.51
HGNC:325,NM_006412,2.3.1.51
HGNC:326,NM_020132,2.3.1.51
HGNC:20885,NM_020133,2.3.1.51
HGNC:20886,NM_018361,2.3.1.51
HGNC:341,NM_000030,"2.6.1.44, 2.6.1.51"
HGNC:14412,NM_031900,2.6.1.44
HGNC:343,NM_000687,3.3.1.1
HGNC:362,NM_001625,2.7.4.3
HGNC:363,NM_013410,2.7.4.3
HGNC:49151,NM_016283,2.7.4.3
HGNC:26526,NM_152572,2.7.4.3
HGNC:33814,NM_001145128,2.7.4.3
HGNC:380,NM_006066,1.1.1.2
HGNC:381,NM_001628,1.1.1.21
HGNC:384,NM_001353,"1.3.1.20, 1.1.1.149, 1.1.1.112"
HGNC:385,NM_001354,"1.3.1.20, 1.1.1.213"
HGNC:386,NM_003739,"1.1.1.213, 1.1.1.188"
HGNC:387,NM_001818,1.1.1.225
HGNC:388,NM_005989,1.3.99.6
HGNC:391,NM_005163,2.7.11.1
HGNC:392,NM_001626,2.7.11.1
HGNC:393,NM_181690,2.7.11.1
HGNC:395,NM_001003945,4.2.1.24
HGNC:397,NM_000032,2.3.1.37
HGNC:409,NM_000693,1.2.1.5
HGNC:3978,NM_012190,1.5.1.6
HGNC:26777,NM_001034173,1.5.1.6
HGNC:404,NM_000690,1.2.1.3
HGNC:405,NM_000691,1.2.1.5
HGNC:410,NM_000694,1.2.1.5
HGNC:411,NM_000695,1.2.1.5
HGNC:877,NM_001182,1.2.1.31
HGNC:414,NM_000034,4.1.2.13
HGNC:18294,NM_019109,2.4.1.142
HGNC:23159,NM_033087,"2.4.1.132, 2.4.1.257"
HGNC:23056,NM_005787,2.4.1.258
HGNC:20266,NM_013338,2.4.1.117
HGNC:23157,NM_013339,2.4.1.267
HGNC:23161,NM_024079,2.4.1.265
HGNC:15672,NM_024740,"2.4.1.259, 2.4.1.261"
HGNC:23162,NM_032834,2.4.1.256
HGNC:31088,NM_001013620,2.4.1.256
HGNC:32456,NM_001004127,2.4.1.131
HGNC:19358,NM_024105,2.4.1.260
HGNC:30881,NM_018466,2.4.1.141
HGNC:25996,NM_017758,1.14.11.-
HGNC:25189,NM_138775,2.1.1.229
HGNC:437,NM_001631,3.1.3.1
HGNC:438,NM_000478,3.1.3.1
HGNC:439,NM_001632,3.1.3.1
HGNC:451,NM_014324,5.1.99.4
HGNC:28577,NM_152435,3.5.2.7
HGNC:24262,NM_015944,3.5.1.25
HGNC:470,NM_000480,3.5.4.6
HGNC:473,NM_000481,2.1.2.10
HGNC:474,NM_001008221,3.2.1.1
HGNC:475,NM_001008218,3.2.1.1
HGNC:476,NM_001008219,3.2.1.1
HGNC:477,NM_000699,3.2.1.1
HGNC:478,NM_020978,3.2.1.1
HGNC:483,NM_001097577,3.1.27.-
HGNC:541,NM_005139,3.1.4.43
HGNC:548,NM_001637,3.1.1.77
HGNC:80,NM_001091,1.4.3.22
HGNC:549,"NM_009590, NM_001158",1.4.3.21
HGNC:550,NM_003734,1.4.3.21
HGNC:587,NM_001641,4.2.99.18
HGNC:17581,NM_015957,4.2.1.109
HGNC:626,NM_000485,2.4.2.7
HGNC:713,NM_000487,3.1.6.8
HGNC:714,NM_000046,3.1.6.1
HGNC:32521,NM_001012301,3.1.6.-
HGNC:25239,NM_198150,3.1.6.-
HGNC:726,NM_021071,2.4.2.31
HGNC:17452,NM_020682,2.1.1.137
HGNC:735,NM_004315,3.5.1.23
HGNC:746,NM_000048,4.3.2.1
HGNC:750,NM_004043,2.1.1.4
HGNC:753,"NM_001673, NM_183356",6.3.5.4
HGNC:756,NM_000049,3.5.1.15
HGNC:20123,NM_001080464,"3.1.1.5, 3.5.1.1"
HGNC:757,NM_004318,1.14.11.16
HGNC:16448,NM_001083926,3.5.1.1
HGNC:758,NM_000050,6.3.4.5
HGNC:21186,NM_024909,2.3.1.108
HGNC:782,NM_001001976,2.3.2.8
HGNC:794,NM_004044,"2.1.2.3, 3.5.4.10"
HGNC:799,NM_001160233,3.6.3.9
HGNC:800,NM_000702,3.6.3.9
HGNC:801,NM_152296,3.6.3.9
HGNC:805,NM_001678,3.6.3.9
HGNC:811,NM_004320,3.6.3.8
HGNC:812,NM_001681,3.6.3.8
HGNC:813,NM_174953,3.6.3.8
HGNC:814,NM_001682,3.6.3.8
HGNC:815,NM_001683,3.6.3.8
HGNC:816,NM_021949,3.6.3.8
HGNC:817,NM_001001396,3.6.3.8
HGNC:13211,NM_001001486,3.6.3.8
HGNC:29103,NM_014861,3.6.3.8
HGNC:819,NM_000704,3.6.3.10
HGNC:820,NM_000705,3.6.3.10
HGNC:823,NM_004046,3.6.1.14
HGNC:830,NM_001686,3.6.3.14
HGNC:850,NM_001697,3.6.3.14
HGNC:851,NM_001690,3.6.3.14
HGNC:853,NM_001692,3.6.3.14
HGNC:854,NM_001693,3.6.3.14
HGNC:856,NM_001695,3.6.3.14
HGNC:857,NM_001696,3.6.3.14
HGNC:16832,NM_004231,3.6.3.14
HGNC:855,NM_001694,3.6.3.14
HGNC:869,NM_000052,3.6.3.4
HGNC:870,NM_000053,3.6.3.4
HGNC:13533,NM_016529,3.6.3.1
HGNC:3706,NM_005603,3.6.3.1
HGNC:13534,NM_020452,3.6.3.1
HGNC:13535,NM_138813,3.6.3.1
HGNC:13536,NM_024837,3.6.3.1
HGNC:13540,NM_006045,3.6.3.1
HGNC:13552,NM_015205,3.6.3.1
HGNC:13816,NM_001676,3.6.3.10
HGNC:886,NM_000489,3.6.4.12
HGNC:918,NM_033167,2.4.1.79
HGNC:921,NM_018644,2.4.1.135
HGNC:922,NM_080742,2.4.1.135
HGNC:923,NM_012200,2.4.1.135
HGNC:15629,NM_006577,2.4.1.149
HGNC:15684,NM_032047,2.4.1.206
HGNC:4117,NM_001478,2.4.1.92
HGNC:24136,NM_153446,2.4.1.-
HGNC:24137,NM_173593,2.4.1.-
HGNC:26315,NM_178537,"2.4.1.244, 2.4.1.92"
HGNC:924,NM_001497,"2.4.1.133, 2.4.1.38"
HGNC:925,NM_003780,2.4.1.38
HGNC:927,NM_003778,2.4.1.275
HGNC:928,NM_004776,"2.4.1.38, 2.4.1.90"
HGNC:930,NM_007255,2.4.1.133
HGNC:15685,NM_006876,2.4.1.-
HGNC:932,NM_001701,2.3.1.65
HGNC:964,NM_003986,1.14.11.1
HGNC:976,NM_005504,2.6.1.42
HGNC:13815,NM_017429,1.13.11.63
HGNC:18503,NM_001037290,1.13.11.71
HGNC:1027,NM_004051,1.1.1.30
HGNC:32389,NM_020139,1.1.1.30
HGNC:1047,NM_001713,2.1.1.5
HGNC:1048,NM_017614,2.1.1.5
HGNC:1059,NM_000386,3.4.22.40
HGNC:1062,NM_000712,1.3.1.24
HGNC:1063,NM_000713,"1.3.1.24, 1.5.1.30"
HGNC:1067,NM_006132,3.4.24.19
HGNC:1093,NM_001724,"5.4.2.4, 3.1.3.13"
HGNC:1096,NM_006085,3.1.3.7
HGNC:1118,NM_004334,3.2.2.5
HGNC:1122,NM_000060,3.5.1.12
HGNC:1133,NM_000061,2.7.10.1
HGNC:24337,NM_020156,2.4.1.122
HGNC:1246,NM_001733,3.4.21.41
HGNC:1247,NM_001734,3.4.21.42
HGNC:1318,NM_000064,3.4.21.43
HGNC:1368,NM_001738,4.2.1.1
HGNC:1373,NM_000067,4.2.1.1
HGNC:1374,NM_005181,4.2.1.1
HGNC:1375,NM_000717,4.2.1.1
HGNC:1377,NM_001739,4.2.1.1
HGNC:1459,NM_003656,2.7.11.17
HGNC:19341,NM_020397,2.7.11.17
HGNC:14585,NM_020439,2.7.11.17
HGNC:1460,NM_015981,2.7.11.17
HGNC:1461,NM_172084,2.7.11.17
HGNC:1463,NM_172169,2.7.11.17
HGNC:1464,NM_001744,2.7.11.17
HGNC:1469,"NM_032294, NM_172206, NM_172207",2.7.11.17
HGNC:1470,NM_172226,2.7.11.17
HGNC:26276,NM_024766,2.1.1.60
HGNC:1479,NM_001748,3.4.22.52
HGNC:1493,NM_001751,6.1.1.16
HGNC:25695,NM_024537,6.1.1.16
HGNC:1499,NM_033292,3.4.22.36
HGNC:1503,NM_032982,3.4.22.55
HGNC:1504,NM_004346,3.4.22.56
HGNC:1505,NM_001225,3.4.22.57
HGNC:1506,NM_004347,3.4.22.58
HGNC:1507,NM_001226,3.4.22.59
HGNC:1508,NM_033338,3.4.22.60
HGNC:1509,NM_001228,3.4.22.61
HGNC:1511,NM_032996,3.4.22.62
HGNC:1500,NM_032977,3.4.22.63
HGNC:1502,NM_012114,3.4.22.-
HGNC:1516,NM_001752,1.11.1.6
HGNC:25891,NM_032783,1.1.1.-
HGNC:1550,NM_000071,4.2.1.22
HGNC:1667,NM_001775,3.2.2.5
HGNC:1712,NM_001785,3.5.4.5
HGNC:1769,NM_006319,2.7.8.11
HGNC:15483,NM_001113575,2.7.11.22
HGNC:1795,NM_001801,1.13.11.20
HGNC:1809,NM_170723,2.3.1.48
HGNC:24609,NM_033440,3.4.21.71
HGNC:15945,NM_007352,3.4.21.70
HGNC:24289,NM_006090,"2.7.8.1, 2.7.8.2"
HGNC:19256,NM_022766,2.7.1.138
HGNC:1863,NM_001266,3.1.1.1
HGNC:26459,NM_145024,3.1.1.1
HGNC:1037,NM_001710,3.4.21.47
HGNC:5394,NM_000204,3.4.21.45
HGNC:21367,NM_138441,2.7.7.86
HGNC:1907,NM_003956,1.14.99.38
HGNC:1912,NM_020549,2.3.1.6
HGNC:24288,NM_018397,1.1.99.1
HGNC:1937,NM_001277,2.7.1.32
HGNC:24291,NM_024536,"2.4.1.175, 2.4.1.226"
HGNC:29270,NM_019015,2.4.1.226
HGNC:17852,NM_020244,2.7.8.2
HGNC:1969,NM_003654,2.8.2.21
HGNC:1970,NM_004267,2.8.2.-
HGNC:1971,NM_004273,2.8.2.17
HGNC:1972,NM_005769,2.8.2.-
HGNC:1973,NM_012126,2.8.2.-
HGNC:6938,NM_021615,2.8.2.-
HGNC:13817,NM_019886,2.8.2.17
HGNC:15993,NM_022467,2.8.2.-
HGNC:19898,NM_031422,2.8.1.-
HGNC:19650,NM_004854,2.8.2.-
HGNC:17422,NM_018413,2.8.2.5
HGNC:17423,NM_018641,2.8.2.5
HGNC:21755,NM_152889,2.8.2.5
HGNC:24464,NM_130468,2.8.2.35
HGNC:18137,NM_015892,2.8.2.33
HGNC:17198,NM_014918,"2.4.1.175, 2.4.1.226"
HGNC:24293,NM_175856,"2.4.1.175, 2.4.1.226"
HGNC:1974,NM_001278,2.7.11.10
HGNC:1985,NM_007174,2.7.11.1
HGNC:1995,NM_020990,2.7.3.2
HGNC:1996,NM_001825,2.7.3.2
HGNC:16999,NM_006831,2.7.1.78
HGNC:2097,NM_001836,3.4.21.39
HGNC:18290,NM_018686,2.7.7.43
HGNC:25090,NM_138809,3.1.-.-
HGNC:18170,NM_016308,2.7.4.14
HGNC:27015,NM_207315,"2.7.4.14, 2.7.4.6"
HGNC:21077,NM_015050,2.1.1.57
HGNC:20675,NM_032649,3.4.13.20
HGNC:24437,NM_018235,3.4.13.18
HGNC:29932,NM_025233,2.7.7.3
HGNC:26182,NM_024656,2.4.1.50
HGNC:16790,NM_015101,2.4.1.50
HGNC:2228,NM_000754,2.1.1.6
HGNC:25223,NM_015697,2.5.1.39
HGNC:18175,NM_017421,2.1.1.114
HGNC:28722,NM_032314,2.1.1.201
HGNC:2265,NM_001861,1.9.3.1
HGNC:2267,NM_004255,1.9.3.1
HGNC:2269,NM_001862,1.9.3.1
HGNC:2277,NM_004373,1.9.3.1
HGNC:2279,NM_005205,1.9.3.1
HGNC:2280,NM_001863,1.9.3.1
HGNC:2285,NM_004374,1.9.3.1
HGNC:2287,NM_001864,1.9.3.1
HGNC:2288,NM_001865,1.9.3.1
HGNC:2292,NM_001867,1.9.3.1
HGNC:2294,NM_004074,1.9.3.1
HGNC:2260,NM_001303,2.5.1.-
HGNC:2295,NM_000096,1.16.3.1
HGNC:2296,NM_001868,3.4.17.1
HGNC:2297,NM_001869,3.4.17.15
HGNC:2298,NM_001870,3.4.17.1
HGNC:2299,NM_001871,3.4.17.2
HGNC:2301,NM_001304,3.4.17.22
HGNC:2303,NM_001873,3.4.17.10
HGNC:2311,NM_198320,3.4.17.12
HGNC:2312,NM_001308,3.4.17.3
HGNC:2313,NM_001080513,3.4.17.3
HGNC:2321,NM_000097,1.3.3.3
HGNC:2323,NM_001122633,6.3.4.16
HGNC:2328,NM_001876,2.3.1.21
HGNC:2329,NM_152246,2.3.1.21
HGNC:2330,NM_000098,2.3.1.21
HGNC:16148,NM_019095,2.7.8.41
HGNC:37276,NM_001101426,2.7.7.40
HGNC:2422,NM_004077,2.3.3.1
HGNC:18966,NM_015989,4.1.1.29
HGNC:24290,NM_018371,2.4.1.74
HGNC:24292,NM_018590,2.4.1.174
HGNC:2444,NM_004383,2.7.10.1
HGNC:2460,NM_001320,2.7.11.1
HGNC:2496,NM_004388,3.2.1.-
HGNC:16890,NM_005808,3.1.3.16
HGNC:2501,NM_001902,4.4.1.1
HGNC:2519,NM_001905,6.3.4.2
HGNC:2520,NM_019857,6.3.4.2
HGNC:2521,NM_001906,3.4.21.1
HGNC:2522,NM_001025200,3.4.21.1
HGNC:2523,NM_007272,3.4.21.2
HGNC:9251,NM_000308,3.4.16.5
HGNC:2527,NM_147780,3.4.22.1
HGNC:2528,NM_001814,3.4.14.1
HGNC:2529,NM_001909,3.4.23.5
HGNC:2530,NM_001910,3.4.23.5
HGNC:2535,NM_004390,3.4.22.16
HGNC:2537,NM_001912,3.4.22.15
HGNC:2545,NM_004079,3.4.22.27
HGNC:13397,NM_016243,1.6.2.2
HGNC:24376,NM_016229,1.6.2.2
HGNC:20147,NM_016230,1.6.2.2
HGNC:2595,NM_000499,1.14.14.1
HGNC:2596,NM_000761,1.14.14.1
HGNC:20580,NM_024514,1.14.14.24
HGNC:2651,NM_000780,1.14.14.23
HGNC:2593,NM_000102,"1.14.14.19, 1.14.14.32"
HGNC:2600,NM_000500,1.14.14.16
HGNC:28358,NM_152783,1.1.99.-
HGNC:1165,NM_006133,3.1.1.-
HGNC:28923,NM_139179,3.1.1.-
HGNC:2678,NM_001349,6.1.1.12
HGNC:25538,NM_018122,6.1.1.12
HGNC:2689,NM_000787,1.14.17.1
HGNC:2698,NM_001918,2.3.1.168
HGNC:24452,NM_152624,3.6.1.62
HGNC:29812,NM_014026,3.6.1.59
HGNC:28777,NM_024096,3.6.1.12
HGNC:2730,NM_013994,2.7.10.1
HGNC:2731,NM_006182,2.7.10.1
HGNC:2732,NM_001355,4.1.1.84
HGNC:2754,NM_020664,1.3.1.34
HGNC:24269,NM_015954,4.1.2.4
HGNC:2843,NM_012079,2.3.1.20
HGNC:2850,NM_004080,2.7.1.107
HGNC:2852,NM_003647,2.7.1.107
HGNC:2857,NM_001105540,2.7.1.107
HGNC:2860,NM_001360,1.3.1.21
HGNC:2859,NM_014762,1.3.1.72
HGNC:17887,NM_014475,1.3.1.20
HGNC:2861,NM_000791,1.5.1.3
HGNC:27309,NM_176815,1.5.1.3
HGNC:2867,NM_001361,1.3.5.2
HGNC:16445,NM_138452,1.1.-.-
HGNC:17693,NM_004753,1.1.1.300
HGNC:28326,NM_144683,1.1.-.-
HGNC:30217,NM_014473,2.1.1.183
HGNC:2885,NM_001362,1.21.99.3
HGNC:2896,NM_001931,2.3.1.12
HGNC:2898,NM_000108,1.8.1.4
HGNC:24475,NM_013391,1.5.8.4
HGNC:2933,NM_004409,2.7.11.1
HGNC:2972,NM_004408,3.6.5.5
HGNC:2973,NM_012062,3.6.5.5
HGNC:2976,NM_001379,2.1.1.37
HGNC:2983,NM_004088,2.7.7.31
HGNC:29565,NM_020438,3.6.1.43
HGNC:24948,NM_032482,2.1.1.43
HGNC:2995,NM_001382,2.7.8.15
HGNC:3002,NM_001128141,3.4.13.19
HGNC:23028,NM_022355,3.4.13.19
HGNC:23029,NM_022357,3.4.13.19
HGNC:30543,NM_080650,6.3.1.14
HGNC:3005,NM_003859,2.4.1.83
HGNC:16490,NM_017743,3.4.14.5
HGNC:3012,NM_000110,1.3.1.2
HGNC:17904,NM_013235,3.1.26.3
HGNC:21144,NM_013352,5.1.3.19
HGNC:18144,NM_032160,5.1.3.19
HGNC:16219,NM_080820,3.1.1.96
HGNC:3061,NM_012145,2.7.4.9
HGNC:26014,NM_017803,1.3.1.91
HGNC:3092,NM_004714,2.7.12.1
HGNC:3094,NM_003582,2.7.12.1
HGNC:29419,NM_133451,6.1.1.17
HGNC:3133,NM_006579,5.3.3.5
HGNC:24650,NM_024757,2.1.1.43
HGNC:14129,NM_006709,2.1.1.43
HGNC:3284,NM_001967,3.6.1.1
HGNC:3309,NM_001972,3.4.21.37
HGNC:24622,NM_022759,3.2.1.96
HGNC:3350,NM_001428,4.2.1.11
HGNC:31670,NM_001242699,4.2.1.11
HGNC:24599,NM_021204,3.1.3.77
HGNC:30365,NM_017512,4.2.1.68
HGNC:28526,NM_173654,2.4.1.255
HGNC:3386,NM_004431,2.7.10.1
HGNC:3387,NM_005233,2.7.10.1
HGNC:3391,NM_020526,2.7.10.1
HGNC:3393,NM_017449,2.7.10.1
HGNC:3401,NM_000120,3.3.2.9
HGNC:3402,NM_001979,"3.3.2.10, 3.1.3.76"
HGNC:3418,NM_004446,"6.1.1.15, 6.1.1.17"
HGNC:3423,NM_000502,1.11.1.7
HGNC:3434,NM_000400,3.6.4.12
HGNC:3435,NM_000122,3.6.4.12
HGNC:3438,NM_000124,3.6.4.-
HGNC:30541,NM_080663,3.1.-.-
HGNC:3449,NM_001433,"3.1.26.-, 2.7.11.1"
HGNC:16856,NM_012291,3.4.22.49
HGNC:23287,NM_014297,1.13.11.18
HGNC:14404,NM_031279,4.2.3.2
HGNC:3347,NM_005107,3.1.30.-
HGNC:28112,NM_015004,3.1.13.-
HGNC:17035,NM_181503,3.1.13.-
HGNC:9137,NM_005033,3.1.13.-
HGNC:3512,NM_000127,"2.4.1.224, 2.4.1.225"
HGNC:3513,NM_000401,"2.4.1.224, 2.4.1.225"
HGNC:3515,NM_004455,2.4.1.224
HGNC:3516,NM_001439,2.4.1.223
HGNC:3518,NM_001440,2.4.1.223
HGNC:3544,NM_000131,3.4.21.21
HGNC:3530,NM_000505,3.4.21.38
HGNC:3574,NM_013402,1.14.19.3
HGNC:3575,NM_004265,1.14.19.3
HGNC:14169,NM_001018104,3.7.1.5
HGNC:23017,NM_014864,2.7.1.-
HGNC:22140,NM_020223,2.7.11.1
HGNC:26222,NM_032228,1.2.1.-
HGNC:25531,NM_018099,1.2.1.-
HGNC:21062,NM_006567,6.1.1.20
HGNC:3592,NM_004461,6.1.1.20
HGNC:17800,NM_005687,6.1.1.20
HGNC:3594,NM_004104,2.3.1.85
HGNC:3606,NM_000507,3.1.3.11
HGNC:3607,NM_003837,3.1.3.11
HGNC:29500,NM_145059,2.7.1.52
HGNC:3631,NM_002004,"2.5.1.1, 2.5.1.10"
HGNC:3642,NM_004110,1.18.1.6
HGNC:3655,NM_005246,2.7.10.1
HGNC:3657,NM_002005,2.7.10.1
HGNC:3700,NM_000143,4.2.1.2
HGNC:3701,NM_002012,"3.6.1.29, 3.6.2.1, 3.9.1.-"
HGNC:24671,NM_025207,2.7.7.2
HGNC:3763,NM_002019,2.7.10.1
HGNC:3769,NM_002021,1.14.13.8
HGNC:3771,NM_006894,1.14.13.148
HGNC:3772,NM_002022,1.14.13.8
HGNC:3788,NM_004476,3.4.17.21
HGNC:3955,NM_002031,2.7.10.1
HGNC:3974,NM_006657,"2.1.2.5, 4.3.1.4"
HGNC:24678,NM_001080432,1.14.11.-
HGNC:4006,NM_000147,3.2.1.51
HGNC:4008,NM_032020,3.2.1.51
HGNC:24733,NM_198472,5.1.3.29
HGNC:4012,NM_000148,2.4.1.69
HGNC:4014,NM_000149,2.4.1.65
HGNC:4016,NM_002034,2.4.1.65
HGNC:4017,NM_000150,2.4.1.65
HGNC:4056,NM_000151,3.1.3.9
HGNC:24861,NM_138387,3.1.3.9
HGNC:4057,NM_000402,1.1.1.49
HGNC:4093,NM_000818,4.1.1.15
HGNC:4116,NM_000403,5.1.3.2
HGNC:24063,NM_138801,5.1.3.3
HGNC:4123,NM_020474,2.4.1.41
HGNC:4124,NM_004481,2.4.1.41
HGNC:4125,NM_004482,2.4.1.41
HGNC:4126,NM_003774,2.4.1.41
HGNC:4127,NM_014568,2.4.1.41
HGNC:4130,NM_017417,2.4.1.41
HGNC:4131,NM_001122636,2.4.1.41
HGNC:19873,NM_198321,2.4.1.41
HGNC:19875,NM_022087,2.4.1.41
HGNC:19877,NM_024642,2.4.1.41
HGNC:23242,NM_052917,2.4.1.41
HGNC:22946,NM_024572,2.4.1.41
HGNC:21531,NM_054110,2.4.1.41
HGNC:23233,NM_001168368,2.4.1.41
HGNC:30488,NM_198516,2.4.1.41
HGNC:4135,NM_000155,2.7.7.12
HGNC:4138,NM_198334,3.2.1.84
HGNC:4139,NM_198141,3.2.1.20
HGNC:4141,NM_002046,1.2.1.12
HGNC:4162,NM_002047,6.1.1.14
HGNC:4163,NM_000819,"2.1.2.2, 6.3.3.1, 6.3.4.13"
HGNC:4175,NM_001482,2.1.4.1
HGNC:4177,NM_000157,3.2.1.21
HGNC:18986,NM_020944,3.2.1.45
HGNC:4188,NM_014291.2,2.3.1.29
HGNC:4195,NM_000162,"2.7.1.2, 2.7.1.1"
HGNC:4312,NM_002061,6.3.2.2
HGNC:4203,NM_001097634,2.4.1.102
HGNC:4204,NM_145649,2.4.1.150
HGNC:4205,NM_004751,"2.4.1.102, 2.4.1.150"
HGNC:17973,NM_016591,2.4.1.102
HGNC:16099,NM_080615,2.4.1.-
HGNC:29644,NM_016641,3.1.4.46
HGNC:34360,NM_001013657,2.7.7.78
HGNC:752,NM_004317,3.6.3.16
HGNC:4236,NM_005262,1.8.3.2
HGNC:25100,NM_033110,4.3.2.9
HGNC:21705,NM_024051,4.3.2.9
HGNC:4247,NM_000821,4.1.1.90
HGNC:4249,NM_004837,"2.5.1.1, 2.5.1.10, 2.5.1.29"
HGNC:4250,NM_013430,2.3.2.2
HGNC:4251,NM_001351304,2.3.2.2
HGNC:4260,NM_004121,2.3.2.2
HGNC:4259,NM_178026,2.3.2.2
HGNC:4289,NM_000167,2.7.1.30
HGNC:4298,NM_000404,3.2.1.23
HGNC:17855,NM_015554,5.1.3.12
HGNC:4313,NM_000170,1.4.4.2
HGNC:4323,NM_006708,4.4.1.5
HGNC:29570,NM_013267,3.5.1.2
HGNC:4335,NM_005271,1.4.1.3
HGNC:4341,NM_002065,6.3.1.2
HGNC:13734,NM_201648,2.3.1.13
HGNC:24178,NM_145016,2.3.1.13
HGNC:24247,NM_145262,2.7.1.31
HGNC:22932,NM_013334,2.7.7.22
HGNC:23657,NM_005476,"2.7.1.60, 3.2.1.183, 5.1.3.14"
HGNC:4417,NM_005471,3.5.99.6
HGNC:21526,NM_138335,3.5.99.6
HGNC:4432,NM_002079,2.6.1.1
HGNC:24865,NM_020918,2.3.1.15
HGNC:27168,NM_207328,2.3.1.15
HGNC:28157,NM_032717,2.3.1.15
HGNC:20880,NM_178819,2.3.1.15
HGNC:4553,NM_000581,1.11.1.9
HGNC:33100,NM_001008397,1.11.1.9
HGNC:4570,NM_012203,"1.1.1.79, 1.1.1.81"
HGNC:10013,NM_002929,2.7.11.14
HGNC:289,NM_001619,2.7.11.15
HGNC:290,NM_005160,2.7.11.15
HGNC:4627,NM_000846,2.5.1.18
HGNC:4629,NM_001512,2.5.1.18
HGNC:19662,NM_153699,2.5.1.18
HGNC:16906,NM_015917,2.5.1.18
HGNC:4632,NM_000561,2.5.1.18
HGNC:4634,NM_000848,2.5.1.18
HGNC:4635,NM_000849,2.5.1.18
HGNC:4636,NM_000850,2.5.1.18
HGNC:4637,NM_000851,2.5.1.18
HGNC:13312,NM_004832,"2.5.1.18, 1.8.5.1, 1.20.4.2"
HGNC:23064,NM_183239,"2.5.1.18, 1.8.5.1, 1.20.4.2"
HGNC:4638,NM_000852,2.5.1.18
HGNC:4641,NM_000853,2.5.1.18
HGNC:4642,NM_000854,2.5.1.18
HGNC:33437,NM_001080843,2.5.1.18
HGNC:4643,NM_145870,"5.2.1.2, 2.5.1.18"
HGNC:4684,NM_001256424,4.6.1.2
HGNC:4693,NM_000858,2.7.4.8
HGNC:4696,NM_000181,3.2.1.31
HGNC:27482,NM_173601,2.4.2.n2
HGNC:4699,NM_004130,2.4.1.186
HGNC:4700,NM_003918,2.4.1.186
HGNC:4706,NM_002103,2.4.1.11
HGNC:4707,NM_021957,2.4.1.11
HGNC:4795,NM_004285,1.1.1.47
HGNC:9639,NM_014241,4.2.1.134
HGNC:9640,NM_198402,4.2.1.134
HGNC:24175,NM_016395,4.2.1.134
HGNC:20920,NM_001010915,4.2.1.134
HGNC:17856,NM_012260,4.1.-.-
HGNC:4799,NM_005327,1.1.1.35
HGNC:4801,NM_000182,"1.1.1.211, 4.2.1.17"
HGNC:4803,NM_000183,2.3.1.16
HGNC:4805,NM_005326,3.1.2.6
HGNC:4810,NM_001005783,1.1.3.15
HGNC:4816,NM_002109,6.1.1.21
HGNC:4817,NM_012208,6.1.1.21
HGNC:4818,NM_001523,2.4.1.212
HGNC:4819,NM_005328,2.4.1.212
HGNC:4820,NM_138612,2.4.1.212
HGNC:4821,NM_003642,2.3.1.48
HGNC:4854,NM_003883,3.5.1.98
HGNC:14068,NM_001015053,3.5.1.98
HGNC:19086,NM_024827,3.5.1.98
HGNC:4878,NM_000520,3.2.1.52
HGNC:4879,NM_000521,3.2.1.52
HGNC:26307,NM_173620,3.2.1.52
HGNC:26527,NM_152419,2.3.1.78
HGNC:4907,NM_152740,1.1.1.31
HGNC:17113,NM_017902,1.14.11.16
HGNC:4922,NM_000188,2.7.1.1
HGNC:4923,NM_000189,2.7.1.1
HGNC:4925,NM_002115,2.7.1.1
HGNC:16435,NM_178580,3.4.23.-
HGNC:4982,NM_000190,2.5.1.61
HGNC:5005,NM_000191,4.1.3.4
HGNC:5008,NM_005518,2.3.3.10
HGNC:5147,NM_002150,1.13.11.27
HGNC:5157,NM_000194,2.4.2.8
HGNC:5194,NM_005114,2.8.2.23
HGNC:5195,NM_006043,2.8.2.23
HGNC:5196,NM_006042,2.8.2.23
HGNC:5198,NM_006041,2.8.2.23
HGNC:5200,NM_006040,2.8.2.23
HGNC:5201,NM_004807,2.8.2.-
HGNC:5217,NM_000862,"1.1.1.145, 5.3.3.1"
HGNC:5218,NM_000198,"1.1.1.145, 5.3.3.1"
HGNC:5208,NM_005525,1.1.1.146
HGNC:30419,NM_198706,1.1.1.-
HGNC:5209,NM_000196,1.1.1.-
HGNC:5210,NM_000413,1.1.1.62
HGNC:5211,NM_002153,1.1.1.62
HGNC:5212,NM_000197,1.1.1.62
HGNC:5213,NM_000414,"4.2.1.107, 1.1.1.35"
HGNC:23316,NM_003725,"1.1.1.62, 1.1.1.63, 1.1.1.105"
HGNC:5215,NM_016371,1.1.1.270
HGNC:3554,NM_014234,1.1.1.62
HGNC:4800,NM_004493,1.1.1.35
HGNC:22960,NM_016245,1.1.1.-
HGNC:18685,NM_178135,1.1.-.-
HGNC:16637,NM_001098521,1.1.1.-
HGNC:53111,NM_001348712,4.2.1.-
HGNC:26948,NM_031207,5.3.1.22
HGNC:34403,NM_001013619,2.7.1.81
HGNC:5330,NM_002161,6.1.1.5
HGNC:29685,NM_018060,6.1.1.5
HGNC:5350,NM_012405,2.1.1.100
HGNC:5382,NM_005896,1.1.1.42
HGNC:5384,NM_005530,1.1.1.41
HGNC:5387,NM_004508,5.3.3.2
HGNC:23487,NM_033261,5.3.3.2
HGNC:31367,NM_001001551,2.7.1.12
HGNC:6059,NM_002164,1.13.11.52
HGNC:5391,NM_000203,3.2.1.76
HGNC:15566,NM_030768,3.1.3.16
HGNC:6050,NM_005536,3.1.3.25
HGNC:26019,NM_017813,"3.1.3.7, 3.1.3.25"
HGNC:6052,NM_000883,1.1.1.205
HGNC:6069,NM_006774,2.1.1.49
HGNC:26956,NM_017553,3.6.1.3
HGNC:6074,NM_001566,3.1.3.66
HGNC:6075,NM_003866,3.1.3.66
HGNC:6076,NM_005539,3.1.3.56
HGNC:6077,NM_005540,3.1.3.56
HGNC:6079,NM_001017915,3.1.3.86
HGNC:21474,NM_019892,3.1.3.36
HGNC:8956,NM_001002837,3.1.3.56
HGNC:33882,NM_016532,3.1.3.56
HGNC:6080,NM_001567,3.1.3.86
HGNC:20739,NM_152230,2.7.1.151
HGNC:29821,NM_016368,5.5.1.4
HGNC:6176,NM_033453,3.6.1.9
HGNC:6177,NM_014216,2.7.1.134
HGNC:6178,NM_002220,2.7.1.127
HGNC:6179,NM_002221,2.7.1.127
HGNC:14897,NM_025194,2.7.1.127
HGNC:6190,NM_002227,2.7.10.1
HGNC:6193,NM_000215,2.7.10.1
HGNC:6215,NM_005548,6.1.1.6
HGNC:17016,NM_007067,2.3.1.48
HGNC:17933,NM_032188,2.3.1.48
HGNC:6308,NM_000420,3.4.24.-
HGNC:6357,NM_002257,3.4.21.35
HGNC:6363,NM_005551.3,3.4.21.35
HGNC:6381,NM_003679,1.14.13.9
HGNC:33238,NM_001008661,"2.6.1.7, 2.6.1.63, 4.4.1.13"
HGNC:6469,NM_001032998,3.7.1.3
HGNC:20499,NM_024884,1.1.99.2
HGNC:20488,NM_144581,4.2.1.77
HGNC:6512,NM_020117,6.1.1.4
HGNC:17095,NM_015340,6.1.1.4
HGNC:6524,NM_005356,2.7.10.1
HGNC:17557,NM_016309,2.1.1.233
HGNC:6530,NM_002299,"3.2.1.108, 3.2.1.62"
HGNC:6535,NM_005566,1.1.1.27
HGNC:6541,NM_002300,1.1.1.27
HGNC:6544,NM_017448,1.1.1.27
HGNC:6560,NM_002304,2.4.1.222
HGNC:30042,NM_022126,3.6.1.1
HGNC:6598,NM_000234,6.5.1.1
HGNC:6601,NM_002312,6.5.1.1
HGNC:6617,NM_000235,3.1.1.13
HGNC:6621,NM_005357,3.1.1.79
HGNC:18821,NM_198996,3.1.1.32
HGNC:29569,NM_015929,2.3.1.181
HGNC:37216,NM_001144869,2.3.1.181
HGNC:15991,NM_033029,3.4.24.36
HGNC:6656,NM_005575,3.4.11.3
HGNC:25718,NM_024830,"2.3.1.67, 2.3.1.23"
HGNC:26032,NM_017839,"2.3.1.51, 2.3.1.23, 2.3.1.67"
HGNC:13345,NM_145693,3.1.3.4
HGNC:14450,NM_014646,3.1.3.4
HGNC:14451,NM_022896,3.1.3.4
HGNC:6685,NM_004744,2.3.1.135
HGNC:25135,NM_138361,6.3.2.-
HGNC:6710,NM_000895,3.3.2.6
HGNC:6719,NM_000897,4.4.1.20
HGNC:6740,NM_000239,3.2.1.17
HGNC:30502,NM_032517,3.2.1.1
HGNC:6821,NM_005907,3.2.1.113
HGNC:6831,NM_005908,3.2.1.25
HGNC:21072,NM_024641,3.2.1.130
HGNC:6833,NM_000240,1.4.3.4
HGNC:6834,NM_000898,1.4.3.4
HGNC:6849,NM_002446,2.7.11.1
HGNC:6853,NM_003954,2.7.11.25
HGNC:6863,NM_001042600,2.7.11.1
HGNC:6880,NM_139033,2.7.11.24
HGNC:6874,NM_002969,2.7.11.1
HGNC:13538,NM_031417,2.7.11.1
HGNC:6898,NM_004990,6.1.1.10
HGNC:25133,NM_138395,6.1.1.10
HGNC:6903,NM_000429,2.5.1.6
HGNC:15505,NM_024298,2.3.1.n4
HGNC:29622,NM_173467,2.3.1.39
HGNC:6936,NM_020166,6.4.1.4
HGNC:16732,NM_032601,5.1.99.1
HGNC:6970,NM_001316374,1.1.1.37
HGNC:6971,NM_005918,1.1.1.37
HGNC:6984,NM_002396,1.1.1.38
HGNC:19691,NM_016011,1.3.1.38
HGNC:28569,NM_152764,3.1.-.-
HGNC:7015,NM_005588,3.4.24.18
HGNC:7020,NM_005925,3.4.24.18
HGNC:15789,NM_015143,3.4.11.18
HGNC:16672,NM_006838,3.4.11.18
HGNC:7030,NM_005371,2.1.1.33
HGNC:17563,NM_019852,2.1.1.62
HGNC:24550,NM_014033,2.1.1.-
HGNC:29330,NM_020961,2.1.1.62
HGNC:7038,NM_002405,2.4.1.222
HGNC:7044,NM_001114618,2.4.1.101
HGNC:7045,NM_002408,2.4.1.143
HGNC:7046,NM_002409,2.4.1.144
HGNC:7047,NM_012214,2.4.1.145
HGNC:7048,NM_014275,2.4.1.145
HGNC:30871,NM_013244,2.4.1.145
HGNC:7049,NM_002410,2.4.1.155
HGNC:17038,NM_007283,3.1.1.23
HGNC:7061,NM_145791,2.5.1.18
HGNC:7063,NM_002413,2.5.1.18
HGNC:7064,NM_004528,2.5.1.18
HGNC:7097,NM_002415,5.3.2.1
HGNC:7154,NM_000902,3.4.24.11
HGNC:7155,NM_002421,3.4.24.7
HGNC:7173,NM_002422,3.4.24.17
HGNC:7175,NM_002424,3.4.24.34
HGNC:14249,NM_021801,3.4.24.1
HGNC:7193,NM_183418,2.8.1.12
HGNC:23249,NM_178176,"2.3.1.20, 2.3.1.22"
HGNC:24862,NM_006302,3.2.1.106
HGNC:7223,NM_001013440,2.8.1.2
HGNC:28469,NM_032285,5.3.1.23
HGNC:16352,NM_013393,2.1.1.-
HGNC:18485,NM_018146,2.1.1.-
HGNC:5359,NM_001545,3.1.1.29
HGNC:10545,NM_006745,1.14.18.9
HGNC:7377,NM_012331,1.8.4.11
HGNC:7455,YP_003024026,1.6.5.3
HGNC:7456,YP_003024027,1.6.5.3
HGNC:7458,YP_003024033,1.6.5.3
HGNC:7459,YP_003024035,1.6.5.3
HGNC:7460,YP_003024034,1.6.5.3
HGNC:7461,YP_003024036,1.6.5.3
HGNC:7462,YP_003024037,1.6.5.3
HGNC:7413,NM_002451,2.4.2.28
HGNC:29666,NM_139242,2.1.2.9
HGNC:21055,NM_015440,6.3.4.3
HGNC:7436,NM_005957,1.5.1.20
HGNC:7437,NM_006441,6.3.3.2
HGNC:7448,NM_000252,3.1.3.64
HGNC:7450,NM_016156,3.1.3.64
HGNC:7468,NM_000254,2.1.1.13
HGNC:18734,NM_015360,3.6.4.13
HGNC:7529,NM_002461,4.1.1.33
HGNC:7530,NM_000431,2.7.1.36
HGNC:7590,NM_053025,2.7.11.18
HGNC:16243,NM_033118,2.7.11.18
HGNC:16021,NM_013240,2.1.1.72
HGNC:18704,NM_003491,2.3.1.255
HGNC:15908,NM_016100,2.3.1.254
HGNC:19844,NM_001011713,2.3.1.256
HGNC:29533,NM_025146,2.3.1.-
HGNC:25875,NM_024845,"2.3.1.48, 2.3.1.259"
HGNC:30252,NM_012191,2.3.1.-
HGNC:14526,NM_005467,3.4.17.21
HGNC:29831,NM_023018,2.7.1.23
HGNC:26404,NM_153013,2.7.1.23
HGNC:7632,NM_000263,3.2.1.50
HGNC:17378,NM_016256,3.1.4.45
HGNC:16140,NM_152667,3.1.3.29
HGNC:19237,NM_018946,"2.5.1.56, 2.5.1.57"
HGNC:21683,NM_198990,3.1.4.54
HGNC:30450,NM_145201,6.3.4.21
HGNC:7643,NM_004539,6.1.1.22
HGNC:26274,NM_024678,6.1.1.22
HGNC:7645,NM_000662,2.3.1.5
HGNC:7646,NM_000015,2.3.1.5
HGNC:23133,NM_015654,2.3.1.-
HGNC:29830,NM_024662,2.3.1.-
HGNC:15997,NM_145117,3.6.1.1
HGNC:25576,NM_018210,4.2.1.93
HGNC:18453,NM_144772,5.1.99.6
HGNC:7680,NM_001543,2.8.2.8
HGNC:7681,NM_003635,2.8.2.8
HGNC:7682,NM_004784,2.8.2.8
HGNC:20779,NM_022569,2.8.2.8
HGNC:7707,NM_005006,1.6.5.3
HGNC:7708,NM_004550,1.6.5.3
HGNC:7710,NM_004551,1.6.5.3
HGNC:7713,NM_004553,"1.6.99.3, 1.6.5.3"
HGNC:7715,NM_002496,1.6.5.3
HGNC:7716,NM_007103,1.6.5.3
HGNC:7717,NM_021074,1.6.5.3
HGNC:24573,NM_018248,"3.2.2.-, 4.2.99.18"
HGNC:11399,NM_003157,2.7.11.1
HGNC:7759,NM_005383,3.2.1.18
HGNC:7760,NM_006656,3.2.1.18
HGNC:21328,NM_080741,3.2.1.18
HGNC:15910,NM_021100,2.8.1.7
HGNC:7849,NM_000269,2.7.4.6
HGNC:7850,NM_002512,2.7.4.6
HGNC:7851,NM_002513,2.7.4.6
HGNC:7852,NM_005009,2.7.4.6
HGNC:20567,NM_005793,2.7.4.6
HGNC:20461,NM_013330,2.7.4.6
HGNC:26057,NM_017881,2.7.1.22
HGNC:7861,NM_006169,2.1.1.1
HGNC:7863,NM_182977,1.6.1.1
HGNC:7873,NM_000625,1.14.13.39
HGNC:7876,NM_000603,1.14.13.39
HGNC:27106,NM_178493,3.1.1.98
HGNC:7900,NM_006310,3.4.11.2
HGNC:16781,NM_030769,4.1.3.3
HGNC:7995,NM_002525,3.4.24.61
HGNC:13398,NM_015922,1.1.1.170
HGNC:8016,NM_006178,3.6.4.6
HGNC:17819,NM_032526,3.1.3.5
HGNC:8022,NM_012229,3.1.3.5
HGNC:17820,NM_016489,3.1.3.5
HGNC:28300,NM_052935,"3.1.3.5, 3.1.3.91"
HGNC:29909,NM_173474,3.5.1.-
HGNC:8028,NM_002528,"3.2.2.-, 4.2.99.18"
HGNC:23373,NM_014064,2.1.1.244
HGNC:28204,NM_032324,3.6.1.15
HGNC:8031,NM_002529,2.7.10.1
HGNC:21042,NM_138459,2.5.1.87
HGNC:21257,NM_145063,3.5.1.-
HGNC:8091,NM_000274,2.6.1.13
HGNC:8108,NM_000276,3.1.3.36
HGNC:7056,NM_012215,3.2.1.169
HGNC:8125,NM_016821,"3.2.2.-, 4.2.99.18"
HGNC:8127,"NM_003605, NM_181672",2.4.1.255
HGNC:25625,NM_018324,3.1.2.14
HGNC:8149,NM_017570,3.5.2.9
HGNC:18028,NM_017807,3.4.24.57
HGNC:24203,NM_080822,3.1.2.-
HGNC:8527,NM_000436,2.8.3.5
HGNC:18606,NM_022120,2.8.3.5
HGNC:26063,NM_017897,2.3.1.41
HGNC:19316,NM_022356,1.14.11.7
HGNC:19317,NM_018192,1.14.11.7
HGNC:19318,NM_014262,1.14.11.7
HGNC:8546,NM_000917,1.14.11.2
HGNC:8547,NM_004199,1.14.11.2
HGNC:8548,NM_000918,"1.14.11.2, 5.3.4.1"
HGNC:18367,NM_013358,3.5.3.15
HGNC:18368,NM_012387,3.5.3.15
HGNC:20449,NM_207421,3.5.3.15
HGNC:8587,NM_006452,"4.1.1.21, 6.3.2.6"
HGNC:8590,NM_002576,2.7.11.1
HGNC:8591,NM_002577,2.7.11.1
HGNC:8592,NM_002578,2.7.11.1
HGNC:8596,NM_000919,1.14.17.3
HGNC:15894,NM_024960,2.7.1.33
HGNC:15970,NM_020144,2.7.7.19
HGNC:14982,NM_022894,2.7.7.19
HGNC:8605,NM_003631,3.2.1.143
HGNC:8609,NM_002582,3.1.13.4
HGNC:270,NM_001618,2.4.2.30
HGNC:273,NM_005485.4,2.4.2.30
HGNC:30563,NM_152268,6.1.1.15
HGNC:8636,NM_001040716,6.4.1.1
HGNC:8646,NM_000281,4.2.1.96
HGNC:24474,NM_032151,4.2.1.96
HGNC:8725,NM_001018073,4.1.1.32
HGNC:20588,NM_016297,1.8.3.5
HGNC:8754,NM_005017,2.7.7.15
HGNC:8755,NM_004845,2.7.7.15
HGNC:8756,NM_002861,2.7.7.14
HGNC:8777,NM_002599,3.1.4.17
HGNC:8779,NM_000922,3.1.4.17
HGNC:8784,NM_001083,3.1.4.17
HGNC:8786,NM_000283,3.1.4.17
HGNC:8787,NM_006204,3.1.4.17
HGNC:8793,NM_002605,3.1.4.17
HGNC:8794,NM_003719,3.1.4.17
HGNC:30012,NM_022341,3.5.1.88
HGNC:14180,NM_006849,5.3.4.1
HGNC:4606,NM_005313,5.3.4.1
HGNC:30167,NM_004911,5.3.4.1
HGNC:24811,NM_006810,5.3.4.1
HGNC:30168,NM_005742,5.3.4.1
HGNC:9279,NM_018444,3.1.3.43
HGNC:30263,NM_020786,3.1.3.43
HGNC:8819,NM_003681,2.7.1.35
HGNC:30259,NM_020315,3.1.3.74
HGNC:18281,NM_018441,1.3.1.38
HGNC:8830,NM_007169,2.1.1.17
HGNC:8840,NM_000285,3.4.13.9
HGNC:8874,NM_004566,"2.7.1.105, 3.1.3.46"
HGNC:8875,NM_004567,"2.7.1.105, 3.1.3.46"
HGNC:8877,NM_000289,2.7.1.11
HGNC:8878,NM_002627,2.7.1.11
HGNC:8885,NM_001079807,3.4.23.1
HGNC:8886,NM_001079808,3.4.23.1
HGNC:8887,NM_014224,3.4.23.1
HGNC:8888,NM_002629,"5.4.2.1, 3.1.3.13"
HGNC:8891,NM_002631,1.1.1.43
HGNC:26210,NM_025092,3.2.1.107
HGNC:30013,NM_052890,3.5.1.28
HGNC:8905,NM_002633,5.4.2.2
HGNC:8906,NM_018290,5.4.2.2
HGNC:8907,NM_015599,5.4.2.3
HGNC:8909,NM_024118,3.1.3.18
HGNC:13568,NM_017712,3.4.19.3
HGNC:8923,NM_006623,1.1.1.95
HGNC:8926,NM_000292,2.7.11.19
HGNC:8930,NM_006213,2.7.11.19
HGNC:8931,NM_000294,2.7.11.19
HGNC:29149,NM_015020,3.1.3.16
HGNC:16815,NM_001143804,3.1.3.75
HGNC:30033,NM_014172,3.1.3.-
HGNC:28249,NM_032921,4.2.3.134
HGNC:26220,NM_025049,3.6.4.12
HGNC:8957,NM_002641,2.4.1.198
HGNC:8960,NM_153747,2.4.1.198
HGNC:8964,NM_004569,2.4.1.198
HGNC:3046,NM_153681,2.4.1.198
HGNC:8971,NM_002645,2.7.1.154
HGNC:8972,NM_002646,2.7.1.154
HGNC:8973,NM_004570,2.7.1.154
HGNC:8974,NM_002647,2.7.1.137
HGNC:8977,NM_005026,2.7.1.153
HGNC:8998,NM_003559,2.7.1.149
HGNC:19299,NM_144568,3.1.3.78
HGNC:25452,NM_018710,3.1.3.78
HGNC:17804,NM_016518,"1.5.3.1, 1.5.3.7"
HGNC:9020,NM_000298,2.7.1.40
HGNC:9031,NM_000300,3.1.1.4
HGNC:13414,NM_014589,3.1.1.4
HGNC:30040,NM_022819,3.1.1.4
HGNC:17934,NM_015715,3.1.1.4
HGNC:9035,NM_024420,"3.1.1.4, 3.1.1.5"
HGNC:9036,NM_001114633,3.1.1.4
HGNC:30038,NM_178034,3.1.1.4
HGNC:24791,NM_198442,3.1.1.4
HGNC:27396,NM_213600,3.1.1.4
HGNC:9038,NM_000929,3.1.1.4
HGNC:9039,NM_001004426,3.1.1.4
HGNC:9029,NM_003561,3.1.1.4
HGNC:18555,NM_032562,3.1.1.4
HGNC:17825,NM_001128203,3.1.1.4
HGNC:24978,NM_054108,2.3.1.-
HGNC:9052,NM_002658,3.4.21.68
HGNC:9061,NM_133373,3.1.4.11
HGNC:17175,NM_016341,3.1.4.11
HGNC:9065,NM_182811,3.1.4.11
HGNC:29185,NM_014996,3.1.4.11
HGNC:29037,NM_014638,3.1.4.11
HGNC:19218,NM_033123,3.1.4.11
HGNC:9067,NM_002662,3.1.4.4
HGNC:9068,NM_002663,3.1.4.4
HGNC:9081,NM_000302,1.14.11.4
HGNC:9082,NM_000935,1.14.11.4
HGNC:9228,NM_176895,3.1.3.4
HGNC:9229,NM_003713,3.1.3.4
HGNC:9114,NM_002676,5.4.2.8
HGNC:9115,NM_000303,5.3.1.8
HGNC:9141,NM_006556,2.7.4.2
HGNC:13415,NM_198452,2.7.11.17
HGNC:9155,NM_000936,3.1.1.3
HGNC:9157,NM_005396,3.1.1.3
HGNC:23492,NM_001011709,3.1.1.3
HGNC:9160,NM_002686,2.1.1.28
HGNC:7892,NM_000270.2,2.4.2.1
HGNC:30802,NM_020376,3.1.1.3
HGNC:18590,NM_025225,3.1.1.3
HGNC:24887,NM_004650,3.1.1.3
HGNC:30260,NM_018129,1.4.3.5
HGNC:14988,NM_015352,2.4.1.221
HGNC:14683,NM_015227,2.4.1.221
HGNC:9173,NM_016937,2.7.7.7
HGNC:9174,NM_002690,2.7.7.7
HGNC:9186,NM_199420,2.7.7.7
HGNC:9187,NM_000937,2.7.7.6
HGNC:9196,NM_006233,2.7.7.6
HGNC:9200,NM_005035,2.7.7.6
HGNC:19139,NM_017739,2.4.1.-
HGNC:25902,NM_032806,2.4.1.312
HGNC:9202,NM_007171,2.4.1.109
HGNC:19743,NM_013382,2.4.1.109
HGNC:9204,NM_000446,3.1.1.2
HGNC:9205,NM_000305,3.1.1.2
HGNC:9206,NM_000940,3.1.1.2
HGNC:9208,NM_000941,1.6.2.4
HGNC:9226,NM_021129,3.6.1.1
HGNC:28883,NM_176869,3.6.1.1
HGNC:9238,NM_002703,2.4.2.14
HGNC:28107,NM_021823,4.1.1.36
HGNC:25686,NM_024664,6.3.2.5
HGNC:9253,NM_021130,5.2.1.8
HGNC:9256,NM_000943,5.2.1.8
HGNC:9259,NM_005729,5.2.1.8
HGNC:29023,NM_014659,2.7.4.24
HGNC:29035,NM_015216,2.7.4.24
HGNC:9275,NM_021003,3.1.3.16
HGNC:9276,NM_002706,3.1.3.16
HGNC:19388,NM_014634,3.1.3.16
HGNC:9278,NM_002707,3.1.3.16
HGNC:18583,NM_020700,3.1.3.16
HGNC:20785,NM_005167,3.1.3.16
HGNC:25415,NM_152542,3.1.3.16
HGNC:16381,NM_139245,3.1.3.16
HGNC:30178,NM_016147,3.1.1.89
HGNC:9280,NM_000309,1.3.3.4
HGNC:9281,NM_002708,3.1.3.16
HGNC:9286,NM_006741,3.1.3.16
HGNC:9287,NM_032192,3.1.3.16
HGNC:9288,NM_006241,3.1.3.16
HGNC:9291,NM_002711,3.1.3.16
HGNC:9299,NM_002715,3.1.3.16
HGNC:9300,NM_001009552,3.1.3.16
HGNC:9302,NM_014225,3.1.3.16
HGNC:9303,NM_002716,3.1.3.16
HGNC:9304,NM_002717,3.1.3.16
HGNC:9305,NM_181678,3.1.3.16
HGNC:9306,NM_181876,3.1.3.16
HGNC:9307,NM_002718,3.1.3.16
HGNC:9314,NM_000944,3.1.3.16
HGNC:9315,NM_021132,3.1.3.16
HGNC:9316,NM_005605,3.1.3.16
HGNC:9317,NM_000945,3.1.3.16
HGNC:9318,NM_147180,3.1.3.16
HGNC:9319,NM_002720,3.1.3.16
HGNC:9322,NM_006247,3.1.3.16
HGNC:9325,NM_000310,3.1.2.22
HGNC:9326,NM_138717,3.1.2.22
HGNC:30695,NM_139283,3.1.3.16
HGNC:9350,NM_001136239,2.1.1.43
HGNC:13994,NM_020227,2.1.1.43
HGNC:9380,NM_002730,2.7.11.1
HGNC:9381,NM_182948,2.7.11.1
HGNC:9395,NM_212535,2.7.11.1
HGNC:9402,NM_002739,2.7.11.1
HGNC:9403,NM_006255,2.7.11.1
HGNC:9404,NM_002740,2.7.11.13
HGNC:9410,NM_006257,2.7.11.1
HGNC:9412,NM_002744,2.7.11.1
HGNC:9407,NM_002742,2.7.11.1
HGNC:9413,NM_001081640,2.7.11.1
HGNC:9416,NM_006259,2.7.11.1
HGNC:9441,NM_005044,2.7.11.1
HGNC:5187,NM_001536,2.1.1.319
HGNC:5186,NM_001535,2.1.1.319
HGNC:18241,NM_018137,2.1.1.319
HGNC:9451,NM_000312,3.4.21.69
HGNC:9453,NM_016335,1.5.5.2
HGNC:17325,NM_021232,1.5.5.2
HGNC:9465,NM_002765,2.7.6.1
HGNC:9483,NM_002770,3.4.21.4
HGNC:9486,NM_002771,3.4.21.4
HGNC:39125,NM_001001317,3.4.21.4
HGNC:13420,NM_021222,3.6.1.11
HGNC:28390,NM_152371,1.11.1.20
HGNC:9577,NM_004577,3.1.3.3
HGNC:28578,NM_153336,2.7.1.164
HGNC:9588,NM_000314,"3.1.3.16, 3.1.3.48, 3.1.3.67"
HGNC:9592,NM_000954,5.3.99.2
HGNC:9605,NM_000963,1.14.99.1
HGNC:9611,NM_005607,2.7.10.1
HGNC:9618,NM_002821,2.7.10.1
HGNC:26965,NM_175732,"3.1.3.16, 3.1.3.27, 3.1.3.48"
HGNC:9679,NM_001145026,3.1.3.48
HGNC:9689,NM_000317,4.2.3.12
HGNC:16818,NM_012080,3.1.3.96
HGNC:25461,NM_031307,5.4.99.45
HGNC:30262,NM_013328,1.5.1.2
HGNC:25846,NM_023078,1.5.1.2
HGNC:9723,NM_002862,2.4.1.1
HGNC:9725,NM_002863,2.4.1.1
HGNC:9726,NM_005609,2.4.1.1
HGNC:9751,NM_005051,6.1.1.18
HGNC:9752,NM_000320,1.5.1.34
HGNC:9755,NM_014298,2.4.2.19
HGNC:9756,NM_002826,1.8.3.2
HGNC:30249,NM_181701,1.8.3.2
HGNC:23797,NM_031209,2.4.2.29
HGNC:9806,NM_002853,3.1.11.2
HGNC:9870,NM_002887,6.1.1.19
HGNC:21406,NM_020320,6.1.1.19
HGNC:9889,NM_006910,6.3.2.-
HGNC:9891,NM_203291,3.1.-.-
HGNC:30325,NM_022128,2.7.1.15
HGNC:9940,NM_002905,1.1.1.105
HGNC:19978,NM_138412,1.1.1.-
HGNC:9958,NM_000537,3.4.23.15
HGNC:25991,NM_017750,1.3.99.23
HGNC:9974,NM_002917,2.4.1.222
HGNC:9989,NM_004683,3.1.1.17
HGNC:10007,NM_003961,3.4.21.105
HGNC:16083,NM_017821,3.4.21.105
HGNC:16502,NM_138328,3.4.21.105
HGNC:28725,NM_173642,6.3.2.41
HGNC:29228,NM_020734,6.3.2.41
HGNC:20968,NM_024644,1.14.11.27
HGNC:10046,NM_002935,3.1.27.-
HGNC:18518,NM_006397,3.1.26.-
HGNC:10050,NM_021133,3.1.26.-
HGNC:10073,NM_003800,"2.7.7.50, 3.1.3.33"
HGNC:10075,NM_003799,2.1.1.56
HGNC:10078,NM_020216,3.4.11.6
HGNC:10079,NM_018226,3.4.11.-
HGNC:10251,NM_005406,2.7.11.1
HGNC:10293,NM_006916,5.1.3.1
HGNC:10294,NM_000329,3.1.1.64
HGNC:10451,NM_001033,1.17.14.1
HGNC:26935,NM_014306,6.5.1.3
HGNC:10481,NM_001005861,2.7.10.1
HGNC:26320,NM_144660,2.7.8.n3
HGNC:15925,NM_015474,3.1.5.-
HGNC:10537,NM_006513,6.1.1.11
HGNC:17697,NM_017827,6.1.1.11
HGNC:10540,NM_002970,2.3.1.57
HGNC:23160,NM_133491,2.3.1.57
HGNC:10547,NM_001024956,1.14.19.20
HGNC:10571,NM_005063,1.14.19.1
HGNC:18161,NM_016510,4.4.1.16
HGNC:10681,NM_003000,1.3.99.1
HGNC:29958,NM_148897,1.1.1.-
HGNC:30311,NM_138969,1.1.1.105
HGNC:29834,NM_145168,1.1.1.-
HGNC:10691,NM_006843,4.3.1.17
HGNC:29361,NM_033505.2,2.7.8.1
HGNC:17927,NM_014554,3.4.22.68
HGNC:23116,NM_021627,3.4.22.68
HGNC:17862,NM_015670,3.4.22.68
HGNC:28407,NM_152699,3.4.22.68
HGNC:20944,NM_015571,3.4.22.68
HGNC:30605,NM_016955,2.9.1.2
HGNC:2879,NM_052838,3.1.5.1
HGNC:29799,NM_147156,2.7.8.27
HGNC:28395,NM_152621,2.7.8.27
HGNC:10818,NM_000199,3.10.1.1
HGNC:10850,NM_004169,2.1.2.1
HGNC:10852,NM_005412,2.1.2.1
HGNC:10856,NM_001041,"3.2.1.10, 3.2.1.48"
HGNC:10858,NM_005067,6.3.2.1
HGNC:30045,NM_015092,2.7.11.1
HGNC:15862,NM_175842,1.5.3.16
HGNC:11120,NM_000543,3.1.4.12
HGNC:11177,NM_003101,2.3.1.26
HGNC:11179,NM_000454,1.15.1.1
HGNC:11180,NM_000636,1.15.1.1
HGNC:26933,NM_016390,2.1.1.-
HGNC:11277,NM_006415,2.3.1.50
HGNC:11278,NM_004863,2.3.1.50
HGNC:16253,NM_018327,2.3.1.50
HGNC:11279,NM_003129,1.14.14.17
HGNC:11284,NM_001047,1.3.99.5
HGNC:11285,NM_000348,1.3.99.5
HGNC:11296,NM_003132,2.5.1.16
HGNC:11298,NM_080823,2.7.10.2
HGNC:14398,NM_021947,5.1.1.18
HGNC:10862,NM_003033,2.4.99.4
HGNC:10863,NM_006927,2.4.99.4
HGNC:10866,NM_174963,2.4.99.6
HGNC:10864,NM_006278,2.4.99.4
HGNC:10872,NM_003896,2.4.99.9
HGNC:18080,NM_006100,2.4.99.-
HGNC:10860,NM_173216,2.4.99.1
HGNC:10861,NM_032528,2.4.99.2
HGNC:23614,NM_018414,2.4.99.3
HGNC:10867,NM_006456,2.4.99.7
HGNC:19343,NM_152996,2.4.99.-
HGNC:17846,NM_175040,2.4.99.7
HGNC:19342,NM_030965,2.4.99.-
HGNC:23364,NM_013443,2.4.99.-
HGNC:10869,NM_003034,2.4.99.8
HGNC:14269,NM_015879,2.4.99.-
HGNC:10871,NM_005668,2.4.99.-
HGNC:17827,NM_013305,2.4.99.-
HGNC:23317,NM_001004470,2.4.99.-
HGNC:11378,NM_012449,1.16.1.-
HGNC:17885,NM_152999,1.16.1.-
HGNC:24592,NM_018234,1.16.1.-
HGNC:21923,NM_024636,1.16.1.-
HGNC:11408,NM_006282,2.7.11.1
HGNC:16254,NM_080836,2.7.11.1
HGNC:11425,NM_000351,3.1.6.2
HGNC:6172,NM_152713,2.4.99.18
HGNC:30611,NM_178862,2.4.99.18
HGNC:18889,NM_018423,2.7.10.2
HGNC:11449,NM_003849,6.2.1.4
HGNC:11450,NM_003848,6.2.1.4
HGNC:16001,NM_024728,2.8.3.13
HGNC:11453,NM_001055,2.8.2.1
HGNC:11454,NM_001054,2.8.2.1
HGNC:11455,NM_003166,2.8.2.1
HGNC:30004,NM_001017389,2.8.2.1
HGNC:11377,NM_005420,2.8.2.4
HGNC:11458,NM_003167,2.8.2.2
HGNC:11460,NM_000456,1.8.3.1
HGNC:11503,NM_003895,3.1.3.36
HGNC:11504,NM_003898,3.1.3.36
HGNC:11559,NM_006755,2.2.1.2
HGNC:18133,NM_016281,2.7.11.1
HGNC:11572,NM_152295,6.1.1.3
HGNC:30740,NM_025150,6.1.1.3
HGNC:15859,NM_017714,3.4.25.-
HGNC:11708,NM_005651,1.13.11.11
HGNC:4551,NM_138501,1.3.1.93
HGNC:26776,NM_173797,2.7.7.19
HGNC:16705,NM_006999,2.7.7.19
HGNC:30758,NM_022447,2.7.7.19
HGNC:11731,NM_006285,2.7.12.1
HGNC:11732,NM_007170,2.7.12.1
HGNC:20324,NM_014305,4.2.1.46
HGNC:11777,NM_000359,2.3.2.13
HGNC:11778,NM_198951,2.3.2.13
HGNC:11779,NM_003245,2.3.2.13
HGNC:11780,NM_003241,2.3.2.13
HGNC:11781,NM_004245,2.3.2.13
HGNC:16255,NM_198994,2.3.2.13
HGNC:17843,NM_024831,2.1.1.-
HGNC:11782,NM_000360,1.14.16.2
HGNC:18987,NM_024328,3.6.1.28
HGNC:11809,NM_005424,2.7.10.1
HGNC:1185,NM_020375,3.1.3.46
HGNC:11830,NM_003258,2.7.1.21
HGNC:24552,NM_015533,"2.7.1.28, 4.6.1.15"
HGNC:11842,NM_006852,2.7.11.1
HGNC:11863,NM_003273,1.3.1.70
HGNC:28448,NM_173804,3.3.2.2
HGNC:12008,NM_004179,1.14.16.4
HGNC:20692,NM_173353,1.14.16.4
HGNC:12009,NM_000365,5.3.1.1
HGNC:12015,NM_000547,1.11.1.7
HGNC:12020,NM_003596,2.8.2.20
HGNC:12021,NM_003595,2.8.2.20
HGNC:2977,NM_004412,2.1.1.204
HGNC:12266,NM_007180,3.2.1.28
HGNC:30748,NM_013381,3.4.19.6
HGNC:11312,NM_003141,2.3.2.27
HGNC:19017,NM_178125,6.3.2.-
HGNC:20286,NM_017646,2.5.1.75
HGNC:25980,NM_017722,2.1.1.216
HGNC:23141,NM_020810,2.1.1.228
HGNC:25481,NM_018006,2.1.1.61
HGNC:12390,NM_003313,1.1.1.271
HGNC:21586,NM_153712,6.3.2.25
HGNC:26184,NM_022830,"2.7.7.52, 2.7.7.19"
HGNC:12434,NM_003328,2.7.10.1
HGNC:3148,NM_001953,2.4.2.4
HGNC:12441,NM_001071,2.1.1.45
HGNC:12442,NM_000372,1.14.18.1
HGNC:12457,NM_003115,2.7.7.23
HGNC:12469,NM_003334,6.2.1.45
HGNC:12480,NM_080678,6.3.2.-
HGNC:12484,NM_003344,"2.3.2.23, 2.3.2.24"
HGNC:12485,NM_003345,2.3.2.-
HGNC:12492,NM_003348,2.3.2.23
HGNC:12496,NM_000462,2.3.2.26
HGNC:28110,NM_145049,3.1.3.16
HGNC:12513,NM_004181,3.4.19.12
HGNC:12515,NM_006002,3.2.1.15
HGNC:14859,NM_031432,2.7.1.48
HGNC:12562,NM_012474,2.7.1.48
HGNC:12524,NM_003358,2.4.1.80
HGNC:12525,NM_003359,1.1.1.22
HGNC:12527,NM_006759,2.7.7.9
HGNC:12555,NM_003360,2.4.1.47
HGNC:13480,NM_014683,2.7.11.1
HGNC:12563,NM_000373,"2.4.2.10, 4.1.1.23"
HGNC:12572,NM_080911,3.2.2.27
HGNC:12576,NM_003364,2.4.2.3
HGNC:23061,NM_173355,2.4.2.3
HGNC:12585,NM_003365,1.10.2.2
HGNC:12586,NM_003366,1.10.2.2
HGNC:12587,NM_006003,1.10.2.2
HGNC:12590,NM_006004,1.10.2.2
HGNC:29594,NM_014402,1.10.2.2
HGNC:26444,NM_144639,4.2.1.49
HGNC:12591,NM_000374,4.1.1.37
HGNC:12592,NM_000375,4.2.1.75
HGNC:25792,NM_024598,3.1.4.
HGNC:12629,NM_004505,3.4.19.12
HGNC:13485,NM_031907,3.4.19.12
HGNC:13486,NM_001145073,3.4.19.12
HGNC:17729,NM_025076.3,4.1.1.35
HGNC:12651,NM_006295,6.1.1.9
HGNC:21642,NM_020442,6.1.1.9
HGNC:16431,NR_028290,3.5.1.92
HGNC:12729,NM_004184,6.1.1.2
HGNC:12730,NM_015836,6.1.1.2
HGNC:12761,NM_003390,2.7.10.2
HGNC:19684,NM_001105558,2.7.10.2
HGNC:12805,NM_000379,1.17.1.4
HGNC:12823,NM_003399,3.4.11.9
HGNC:12833,NM_021141,3.6.4.-
HGNC:12836,NM_012255,3.1.13.-
HGNC:26639,NM_152531,2.4.2.n3
HGNC:15516,NM_022166,2.4.2.26
HGNC:15517,NM_022167,2.4.2.26
HGNC:12840,NM_003680,6.1.1.1
HGNC:24249,NM_015936,6.1.1.1
HGNC:22316,NM_147128,6.3.2.-
HGNC:18126,NM_001206998,6.3.2.-
HGNC:17726,NM_181710,6.3.2.-
